Col,Row,Year,Race,Gender,Ethnicity,AgeRange,Population
46030,1,2010,ALL,ALL,ALL,INFANT,38
46030,1,2010,ALL,ALL,ALL,1TO4,183
46030,1,2010,ALL,ALL,ALL,FIVE,35
46030,1,2010,ALL,ALL,ALL,6TO12,349
46030,1,2010,ALL,ALL,ALL,13TO17,288
46030,1,2010,ALL,ALL,ALL,EIGHTEEN,49
46030,1,2010,ALL,ALL,ALL,19TO64,1935
46030,1,2010,ALL,ALL,ALL,65TO69,148
46030,1,2010,ALL,ALL,ALL,70TO74,114
46030,1,2010,ALL,ALL,ALL,75UP,169
46031,1,2010,ALL,ALL,ALL,INFANT,18
46031,1,2010,ALL,ALL,ALL,1TO4,93
46031,1,2010,ALL,ALL,ALL,FIVE,31
46031,1,2010,ALL,ALL,ALL,6TO12,238
46031,1,2010,ALL,ALL,ALL,13TO17,193
46031,1,2010,ALL,ALL,ALL,EIGHTEEN,41
46031,1,2010,ALL,ALL,ALL,19TO64,1288
46031,1,2010,ALL,ALL,ALL,65TO69,89
46031,1,2010,ALL,ALL,ALL,70TO74,62
46031,1,2010,ALL,ALL,ALL,75UP,108
46032,1,2010,ALL,ALL,ALL,INFANT,465
46032,1,2010,ALL,ALL,ALL,1TO4,2157
46032,1,2010,ALL,ALL,ALL,FIVE,596
46032,1,2010,ALL,ALL,ALL,6TO12,4839
46032,1,2010,ALL,ALL,ALL,13TO17,3525
46032,1,2010,ALL,ALL,ALL,EIGHTEEN,619
46032,1,2010,ALL,ALL,ALL,19TO64,25622
46032,1,2010,ALL,ALL,ALL,65TO69,1424
46032,1,2010,ALL,ALL,ALL,70TO74,874
46032,1,2010,ALL,ALL,ALL,75UP,2113
46033,1,2010,ALL,ALL,ALL,INFANT,355
46033,1,2010,ALL,ALL,ALL,1TO4,1767
46033,1,2010,ALL,ALL,ALL,FIVE,557
46033,1,2010,ALL,ALL,ALL,6TO12,4633
46033,1,2010,ALL,ALL,ALL,13TO17,3401
46033,1,2010,ALL,ALL,ALL,EIGHTEEN,545
46033,1,2010,ALL,ALL,ALL,19TO64,19938
46033,1,2010,ALL,ALL,ALL,65TO69,1433
46033,1,2010,ALL,ALL,ALL,70TO74,936
46033,1,2010,ALL,ALL,ALL,75UP,1324
46034,1,2010,ALL,ALL,ALL,INFANT,78
46034,1,2010,ALL,ALL,ALL,1TO4,335
46034,1,2010,ALL,ALL,ALL,FIVE,87
46034,1,2010,ALL,ALL,ALL,6TO12,675
46034,1,2010,ALL,ALL,ALL,13TO17,518
46034,1,2010,ALL,ALL,ALL,EIGHTEEN,101
46034,1,2010,ALL,ALL,ALL,19TO64,4148
46034,1,2010,ALL,ALL,ALL,65TO69,280
46034,1,2010,ALL,ALL,ALL,70TO74,227
46034,1,2010,ALL,ALL,ALL,75UP,281
46035,1,2010,ALL,ALL,ALL,INFANT,10
46035,1,2010,ALL,ALL,ALL,1TO4,61
46035,1,2010,ALL,ALL,ALL,FIVE,12
46035,1,2010,ALL,ALL,ALL,6TO12,112
46035,1,2010,ALL,ALL,ALL,13TO17,86
46035,1,2010,ALL,ALL,ALL,EIGHTEEN,18
46035,1,2010,ALL,ALL,ALL,19TO64,656
46035,1,2010,ALL,ALL,ALL,65TO69,46
46035,1,2010,ALL,ALL,ALL,70TO74,46
46035,1,2010,ALL,ALL,ALL,75UP,66
46037,1,2010,ALL,ALL,ALL,INFANT,619
46037,1,2010,ALL,ALL,ALL,1TO4,2859
46037,1,2010,ALL,ALL,ALL,FIVE,783
46037,1,2010,ALL,ALL,ALL,6TO12,5262
46037,1,2010,ALL,ALL,ALL,13TO17,2996
46037,1,2010,ALL,ALL,ALL,EIGHTEEN,441
46037,1,2010,ALL,ALL,ALL,19TO64,20978
46037,1,2010,ALL,ALL,ALL,65TO69,784
46037,1,2010,ALL,ALL,ALL,70TO74,491
46037,1,2010,ALL,ALL,ALL,75UP,678
46038,1,2010,ALL,ALL,ALL,INFANT,570
46038,1,2010,ALL,ALL,ALL,1TO4,2417
46038,1,2010,ALL,ALL,ALL,FIVE,644
46038,1,2010,ALL,ALL,ALL,6TO12,4565
46038,1,2010,ALL,ALL,ALL,13TO17,2952
46038,1,2010,ALL,ALL,ALL,EIGHTEEN,477
46038,1,2010,ALL,ALL,ALL,19TO64,23699
46038,1,2010,ALL,ALL,ALL,65TO69,848
46038,1,2010,ALL,ALL,ALL,70TO74,557
46038,1,2010,ALL,ALL,ALL,75UP,994
46040,1,2010,ALL,ALL,ALL,INFANT,134
46040,1,2010,ALL,ALL,ALL,1TO4,607
46040,1,2010,ALL,ALL,ALL,FIVE,188
46040,1,2010,ALL,ALL,ALL,6TO12,1358
46040,1,2010,ALL,ALL,ALL,13TO17,820
46040,1,2010,ALL,ALL,ALL,EIGHTEEN,134
46040,1,2010,ALL,ALL,ALL,19TO64,5763
46040,1,2010,ALL,ALL,ALL,65TO69,319
46040,1,2010,ALL,ALL,ALL,70TO74,254
46040,1,2010,ALL,ALL,ALL,75UP,367
46050,1,2010,ALL,ALL,ALL,INFANT,31
46050,1,2010,ALL,ALL,ALL,1TO4,99
46050,1,2010,ALL,ALL,ALL,FIVE,16
46050,1,2010,ALL,ALL,ALL,6TO12,205
46050,1,2010,ALL,ALL,ALL,13TO17,122
46050,1,2010,ALL,ALL,ALL,EIGHTEEN,22
46050,1,2010,ALL,ALL,ALL,19TO64,992
46050,1,2010,ALL,ALL,ALL,65TO69,75
46050,1,2010,ALL,ALL,ALL,70TO74,57
46050,1,2010,ALL,ALL,ALL,75UP,87
46052,1,2010,ALL,ALL,ALL,INFANT,291
46052,1,2010,ALL,ALL,ALL,1TO4,1164
46052,1,2010,ALL,ALL,ALL,FIVE,285
46052,1,2010,ALL,ALL,ALL,6TO12,2071
46052,1,2010,ALL,ALL,ALL,13TO17,1586
46052,1,2010,ALL,ALL,ALL,EIGHTEEN,300
46052,1,2010,ALL,ALL,ALL,19TO64,13186
46052,1,2010,ALL,ALL,ALL,65TO69,923
46052,1,2010,ALL,ALL,ALL,70TO74,753
46052,1,2010,ALL,ALL,ALL,75UP,1501
46055,1,2010,ALL,ALL,ALL,INFANT,146
46055,1,2010,ALL,ALL,ALL,1TO4,672
46055,1,2010,ALL,ALL,ALL,FIVE,170
46055,1,2010,ALL,ALL,ALL,6TO12,1402
46055,1,2010,ALL,ALL,ALL,13TO17,926
46055,1,2010,ALL,ALL,ALL,EIGHTEEN,144
46055,1,2010,ALL,ALL,ALL,19TO64,6057
46055,1,2010,ALL,ALL,ALL,65TO69,266
46055,1,2010,ALL,ALL,ALL,70TO74,157
46055,1,2010,ALL,ALL,ALL,75UP,253
46056,1,2010,ALL,ALL,ALL,INFANT,23
46056,1,2010,ALL,ALL,ALL,1TO4,93
46056,1,2010,ALL,ALL,ALL,FIVE,27
46056,1,2010,ALL,ALL,ALL,6TO12,233
46056,1,2010,ALL,ALL,ALL,13TO17,181
46056,1,2010,ALL,ALL,ALL,EIGHTEEN,26
46056,1,2010,ALL,ALL,ALL,19TO64,1325
46056,1,2010,ALL,ALL,ALL,65TO69,122
46056,1,2010,ALL,ALL,ALL,70TO74,77
46056,1,2010,ALL,ALL,ALL,75UP,139
46060,1,2010,ALL,ALL,ALL,INFANT,629
46060,1,2010,ALL,ALL,ALL,1TO4,2514
46060,1,2010,ALL,ALL,ALL,FIVE,577
46060,1,2010,ALL,ALL,ALL,6TO12,4005
46060,1,2010,ALL,ALL,ALL,13TO17,2390
46060,1,2010,ALL,ALL,ALL,EIGHTEEN,443
46060,1,2010,ALL,ALL,ALL,19TO64,21081
46060,1,2010,ALL,ALL,ALL,65TO69,1071
46060,1,2010,ALL,ALL,ALL,70TO74,742
46060,1,2010,ALL,ALL,ALL,75UP,1256
46062,1,2010,ALL,ALL,ALL,INFANT,448
46062,1,2010,ALL,ALL,ALL,1TO4,2049
46062,1,2010,ALL,ALL,ALL,FIVE,518
46062,1,2010,ALL,ALL,ALL,6TO12,3563
46062,1,2010,ALL,ALL,ALL,13TO17,2234
46062,1,2010,ALL,ALL,ALL,EIGHTEEN,346
46062,1,2010,ALL,ALL,ALL,19TO64,17565
46062,1,2010,ALL,ALL,ALL,65TO69,950
46062,1,2010,ALL,ALL,ALL,70TO74,675
46062,1,2010,ALL,ALL,ALL,75UP,1382
46064,1,2010,ALL,ALL,ALL,INFANT,189
46064,1,2010,ALL,ALL,ALL,1TO4,766
46064,1,2010,ALL,ALL,ALL,FIVE,208
46064,1,2010,ALL,ALL,ALL,6TO12,1601
46064,1,2010,ALL,ALL,ALL,13TO17,1324
46064,1,2010,ALL,ALL,ALL,EIGHTEEN,229
46064,1,2010,ALL,ALL,ALL,19TO64,11274
46064,1,2010,ALL,ALL,ALL,65TO69,567
46064,1,2010,ALL,ALL,ALL,70TO74,334
46064,1,2010,ALL,ALL,ALL,75UP,656
46069,1,2010,ALL,ALL,ALL,INFANT,70
46069,1,2010,ALL,ALL,ALL,1TO4,315
46069,1,2010,ALL,ALL,ALL,FIVE,90
46069,1,2010,ALL,ALL,ALL,6TO12,667
46069,1,2010,ALL,ALL,ALL,13TO17,575
46069,1,2010,ALL,ALL,ALL,EIGHTEEN,96
46069,1,2010,ALL,ALL,ALL,19TO64,4017
46069,1,2010,ALL,ALL,ALL,65TO69,277
46069,1,2010,ALL,ALL,ALL,70TO74,197
46069,1,2010,ALL,ALL,ALL,75UP,360
46071,1,2010,ALL,ALL,ALL,INFANT,46
46071,1,2010,ALL,ALL,ALL,1TO4,171
46071,1,2010,ALL,ALL,ALL,FIVE,51
46071,1,2010,ALL,ALL,ALL,6TO12,337
46071,1,2010,ALL,ALL,ALL,13TO17,281
46071,1,2010,ALL,ALL,ALL,EIGHTEEN,59
46071,1,2010,ALL,ALL,ALL,19TO64,2029
46071,1,2010,ALL,ALL,ALL,65TO69,160
46071,1,2010,ALL,ALL,ALL,70TO74,99
46071,1,2010,ALL,ALL,ALL,75UP,184
46074,1,2010,ALL,ALL,ALL,INFANT,457
46074,1,2010,ALL,ALL,ALL,1TO4,2164
46074,1,2010,ALL,ALL,ALL,FIVE,554
46074,1,2010,ALL,ALL,ALL,6TO12,3767
46074,1,2010,ALL,ALL,ALL,13TO17,2028
46074,1,2010,ALL,ALL,ALL,EIGHTEEN,312
46074,1,2010,ALL,ALL,ALL,19TO64,15720
46074,1,2010,ALL,ALL,ALL,65TO69,608
46074,1,2010,ALL,ALL,ALL,70TO74,396
46074,1,2010,ALL,ALL,ALL,75UP,739
46075,1,2010,ALL,ALL,ALL,INFANT,52
46075,1,2010,ALL,ALL,ALL,1TO4,219
46075,1,2010,ALL,ALL,ALL,FIVE,51
46075,1,2010,ALL,ALL,ALL,6TO12,275
46075,1,2010,ALL,ALL,ALL,13TO17,154
46075,1,2010,ALL,ALL,ALL,EIGHTEEN,28
46075,1,2010,ALL,ALL,ALL,19TO64,1883
46075,1,2010,ALL,ALL,ALL,65TO69,94
46075,1,2010,ALL,ALL,ALL,70TO74,62
46075,1,2010,ALL,ALL,ALL,75UP,95
46077,1,2010,ALL,ALL,ALL,INFANT,276
46077,1,2010,ALL,ALL,ALL,1TO4,1520
46077,1,2010,ALL,ALL,ALL,FIVE,414
46077,1,2010,ALL,ALL,ALL,6TO12,3428
46077,1,2010,ALL,ALL,ALL,13TO17,2480
46077,1,2010,ALL,ALL,ALL,EIGHTEEN,391
46077,1,2010,ALL,ALL,ALL,19TO64,14064
46077,1,2010,ALL,ALL,ALL,65TO69,729
46077,1,2010,ALL,ALL,ALL,70TO74,455
46077,1,2010,ALL,ALL,ALL,75UP,755
46105,1,2010,ALL,ALL,ALL,INFANT,15
46105,1,2010,ALL,ALL,ALL,1TO4,85
46105,1,2010,ALL,ALL,ALL,FIVE,26
46105,1,2010,ALL,ALL,ALL,6TO12,182
46105,1,2010,ALL,ALL,ALL,13TO17,166
46105,1,2010,ALL,ALL,ALL,EIGHTEEN,25
46105,1,2010,ALL,ALL,ALL,19TO64,1157
46105,1,2010,ALL,ALL,ALL,65TO69,84
46105,1,2010,ALL,ALL,ALL,70TO74,75
46105,1,2010,ALL,ALL,ALL,75UP,113
46106,1,2010,ALL,ALL,ALL,INFANT,82
46106,1,2010,ALL,ALL,ALL,1TO4,366
46106,1,2010,ALL,ALL,ALL,FIVE,99
46106,1,2010,ALL,ALL,ALL,6TO12,651
46106,1,2010,ALL,ALL,ALL,13TO17,447
46106,1,2010,ALL,ALL,ALL,EIGHTEEN,75
46106,1,2010,ALL,ALL,ALL,19TO64,3603
46106,1,2010,ALL,ALL,ALL,65TO69,227
46106,1,2010,ALL,ALL,ALL,70TO74,161
46106,1,2010,ALL,ALL,ALL,75UP,217
46107,1,2010,ALL,ALL,ALL,INFANT,163
46107,1,2010,ALL,ALL,ALL,1TO4,589
46107,1,2010,ALL,ALL,ALL,FIVE,178
46107,1,2010,ALL,ALL,ALL,6TO12,1199
46107,1,2010,ALL,ALL,ALL,13TO17,885
46107,1,2010,ALL,ALL,ALL,EIGHTEEN,167
46107,1,2010,ALL,ALL,ALL,19TO64,7620
46107,1,2010,ALL,ALL,ALL,65TO69,453
46107,1,2010,ALL,ALL,ALL,70TO74,421
46107,1,2010,ALL,ALL,ALL,75UP,1099
46110,1,2010,ALL,ALL,ALL,INFANT,4
46110,1,2010,ALL,ALL,ALL,1TO4,20
46110,1,2010,ALL,ALL,ALL,FIVE,3
46110,1,2010,ALL,ALL,ALL,6TO12,46
46110,1,2010,ALL,ALL,ALL,13TO17,44
46110,1,2010,ALL,ALL,ALL,EIGHTEEN,11
46110,1,2010,ALL,ALL,ALL,19TO64,295
46110,1,2010,ALL,ALL,ALL,65TO69,26
46110,1,2010,ALL,ALL,ALL,70TO74,25
46110,1,2010,ALL,ALL,ALL,75UP,26
46112,1,2010,ALL,ALL,ALL,INFANT,434
46112,1,2010,ALL,ALL,ALL,1TO4,1995
46112,1,2010,ALL,ALL,ALL,FIVE,524
46112,1,2010,ALL,ALL,ALL,6TO12,3842
46112,1,2010,ALL,ALL,ALL,13TO17,2768
46112,1,2010,ALL,ALL,ALL,EIGHTEEN,497
46112,1,2010,ALL,ALL,ALL,19TO64,19804
46112,1,2010,ALL,ALL,ALL,65TO69,1215
46112,1,2010,ALL,ALL,ALL,70TO74,837
46112,1,2010,ALL,ALL,ALL,75UP,1746
46113,1,2010,ALL,ALL,ALL,INFANT,208
46113,1,2010,ALL,ALL,ALL,1TO4,971
46113,1,2010,ALL,ALL,ALL,FIVE,231
46113,1,2010,ALL,ALL,ALL,6TO12,1765
46113,1,2010,ALL,ALL,ALL,13TO17,1070
46113,1,2010,ALL,ALL,ALL,EIGHTEEN,217
46113,1,2010,ALL,ALL,ALL,19TO64,8601
46113,1,2010,ALL,ALL,ALL,65TO69,379
46113,1,2010,ALL,ALL,ALL,70TO74,269
46113,1,2010,ALL,ALL,ALL,75UP,434
46115,1,2010,ALL,ALL,ALL,INFANT,21
46115,1,2010,ALL,ALL,ALL,1TO4,103
46115,1,2010,ALL,ALL,ALL,FIVE,21
46115,1,2010,ALL,ALL,ALL,6TO12,190
46115,1,2010,ALL,ALL,ALL,13TO17,151
46115,1,2010,ALL,ALL,ALL,EIGHTEEN,27
46115,1,2010,ALL,ALL,ALL,19TO64,1150
46115,1,2010,ALL,ALL,ALL,65TO69,76
46115,1,2010,ALL,ALL,ALL,70TO74,82
46115,1,2010,ALL,ALL,ALL,75UP,112
46117,1,2010,ALL,ALL,ALL,INFANT,1
46117,1,2010,ALL,ALL,ALL,1TO4,24
46117,1,2010,ALL,ALL,ALL,FIVE,8
46117,1,2010,ALL,ALL,ALL,6TO12,70
46117,1,2010,ALL,ALL,ALL,13TO17,57
46117,1,2010,ALL,ALL,ALL,EIGHTEEN,9
46117,1,2010,ALL,ALL,ALL,19TO64,395
46117,1,2010,ALL,ALL,ALL,65TO69,31
46117,1,2010,ALL,ALL,ALL,70TO74,42
46117,1,2010,ALL,ALL,ALL,75UP,34
46118,1,2010,ALL,ALL,ALL,INFANT,53
46118,1,2010,ALL,ALL,ALL,1TO4,232
46118,1,2010,ALL,ALL,ALL,FIVE,63
46118,1,2010,ALL,ALL,ALL,6TO12,502
46118,1,2010,ALL,ALL,ALL,13TO17,376
46118,1,2010,ALL,ALL,ALL,EIGHTEEN,76
46118,1,2010,ALL,ALL,ALL,19TO64,2987
46118,1,2010,ALL,ALL,ALL,65TO69,298
46118,1,2010,ALL,ALL,ALL,70TO74,182
46118,1,2010,ALL,ALL,ALL,75UP,246
46120,1,2010,ALL,ALL,ALL,INFANT,65
46120,1,2010,ALL,ALL,ALL,1TO4,261
46120,1,2010,ALL,ALL,ALL,FIVE,79
46120,1,2010,ALL,ALL,ALL,6TO12,579
46120,1,2010,ALL,ALL,ALL,13TO17,403
46120,1,2010,ALL,ALL,ALL,EIGHTEEN,98
46120,1,2010,ALL,ALL,ALL,19TO64,3606
46120,1,2010,ALL,ALL,ALL,65TO69,343
46120,1,2010,ALL,ALL,ALL,70TO74,229
46120,1,2010,ALL,ALL,ALL,75UP,291
46121,1,2010,ALL,ALL,ALL,INFANT,62
46121,1,2010,ALL,ALL,ALL,1TO4,303
46121,1,2010,ALL,ALL,ALL,FIVE,65
46121,1,2010,ALL,ALL,ALL,6TO12,536
46121,1,2010,ALL,ALL,ALL,13TO17,437
46121,1,2010,ALL,ALL,ALL,EIGHTEEN,70
46121,1,2010,ALL,ALL,ALL,19TO64,3223
46121,1,2010,ALL,ALL,ALL,65TO69,285
46121,1,2010,ALL,ALL,ALL,70TO74,185
46121,1,2010,ALL,ALL,ALL,75UP,269
46122,1,2010,ALL,ALL,ALL,INFANT,184
46122,1,2010,ALL,ALL,ALL,1TO4,798
46122,1,2010,ALL,ALL,ALL,FIVE,211
46122,1,2010,ALL,ALL,ALL,6TO12,1584
46122,1,2010,ALL,ALL,ALL,13TO17,1191
46122,1,2010,ALL,ALL,ALL,EIGHTEEN,212
46122,1,2010,ALL,ALL,ALL,19TO64,8737
46122,1,2010,ALL,ALL,ALL,65TO69,568
46122,1,2010,ALL,ALL,ALL,70TO74,404
46122,1,2010,ALL,ALL,ALL,75UP,782
46123,1,2010,ALL,ALL,ALL,INFANT,401
46123,1,2010,ALL,ALL,ALL,1TO4,1911
46123,1,2010,ALL,ALL,ALL,FIVE,468
46123,1,2010,ALL,ALL,ALL,6TO12,3694
46123,1,2010,ALL,ALL,ALL,13TO17,2621
46123,1,2010,ALL,ALL,ALL,EIGHTEEN,433
46123,1,2010,ALL,ALL,ALL,19TO64,19192
46123,1,2010,ALL,ALL,ALL,65TO69,1085
46123,1,2010,ALL,ALL,ALL,70TO74,693
46123,1,2010,ALL,ALL,ALL,75UP,1256
46124,1,2010,ALL,ALL,ALL,INFANT,101
46124,1,2010,ALL,ALL,ALL,1TO4,413
46124,1,2010,ALL,ALL,ALL,FIVE,141
46124,1,2010,ALL,ALL,ALL,6TO12,730
46124,1,2010,ALL,ALL,ALL,13TO17,525
46124,1,2010,ALL,ALL,ALL,EIGHTEEN,115
46124,1,2010,ALL,ALL,ALL,19TO64,5153
46124,1,2010,ALL,ALL,ALL,65TO69,355
46124,1,2010,ALL,ALL,ALL,70TO74,247
46124,1,2010,ALL,ALL,ALL,75UP,347
46126,1,2010,ALL,ALL,ALL,INFANT,37
46126,1,2010,ALL,ALL,ALL,1TO4,173
46126,1,2010,ALL,ALL,ALL,FIVE,54
46126,1,2010,ALL,ALL,ALL,6TO12,480
46126,1,2010,ALL,ALL,ALL,13TO17,428
46126,1,2010,ALL,ALL,ALL,EIGHTEEN,60
46126,1,2010,ALL,ALL,ALL,19TO64,2840
46126,1,2010,ALL,ALL,ALL,65TO69,219
46126,1,2010,ALL,ALL,ALL,70TO74,155
46126,1,2010,ALL,ALL,ALL,75UP,222
46128,1,2010,ALL,ALL,ALL,INFANT,30
46128,1,2010,ALL,ALL,ALL,1TO4,95
46128,1,2010,ALL,ALL,ALL,FIVE,21
46128,1,2010,ALL,ALL,ALL,6TO12,165
46128,1,2010,ALL,ALL,ALL,13TO17,174
46128,1,2010,ALL,ALL,ALL,EIGHTEEN,34
46128,1,2010,ALL,ALL,ALL,19TO64,1194
46128,1,2010,ALL,ALL,ALL,65TO69,93
46128,1,2010,ALL,ALL,ALL,70TO74,73
46128,1,2010,ALL,ALL,ALL,75UP,70
46130,1,2010,ALL,ALL,ALL,INFANT,20
46130,1,2010,ALL,ALL,ALL,1TO4,100
46130,1,2010,ALL,ALL,ALL,FIVE,33
46130,1,2010,ALL,ALL,ALL,6TO12,250
46130,1,2010,ALL,ALL,ALL,13TO17,194
46130,1,2010,ALL,ALL,ALL,EIGHTEEN,40
46130,1,2010,ALL,ALL,ALL,19TO64,1541
46130,1,2010,ALL,ALL,ALL,65TO69,122
46130,1,2010,ALL,ALL,ALL,70TO74,101
46130,1,2010,ALL,ALL,ALL,75UP,107
46131,1,2010,ALL,ALL,ALL,INFANT,361
46131,1,2010,ALL,ALL,ALL,1TO4,1696
46131,1,2010,ALL,ALL,ALL,FIVE,453
46131,1,2010,ALL,ALL,ALL,6TO12,3083
46131,1,2010,ALL,ALL,ALL,13TO17,2276
46131,1,2010,ALL,ALL,ALL,EIGHTEEN,459
46131,1,2010,ALL,ALL,ALL,19TO64,18188
46131,1,2010,ALL,ALL,ALL,65TO69,1147
46131,1,2010,ALL,ALL,ALL,70TO74,967
46131,1,2010,ALL,ALL,ALL,75UP,2406
46135,1,2010,ALL,ALL,ALL,INFANT,181
46135,1,2010,ALL,ALL,ALL,1TO4,772
46135,1,2010,ALL,ALL,ALL,FIVE,196
46135,1,2010,ALL,ALL,ALL,6TO12,1541
46135,1,2010,ALL,ALL,ALL,13TO17,1215
46135,1,2010,ALL,ALL,ALL,EIGHTEEN,454
46135,1,2010,ALL,ALL,ALL,19TO64,13882
46135,1,2010,ALL,ALL,ALL,65TO69,719
46135,1,2010,ALL,ALL,ALL,70TO74,673
46135,1,2010,ALL,ALL,ALL,75UP,1359
46140,1,2010,ALL,ALL,ALL,INFANT,445
46140,1,2010,ALL,ALL,ALL,1TO4,2003
46140,1,2010,ALL,ALL,ALL,FIVE,489
46140,1,2010,ALL,ALL,ALL,6TO12,3925
46140,1,2010,ALL,ALL,ALL,13TO17,2738
46140,1,2010,ALL,ALL,ALL,EIGHTEEN,517
46140,1,2010,ALL,ALL,ALL,19TO64,22977
46140,1,2010,ALL,ALL,ALL,65TO69,1772
46140,1,2010,ALL,ALL,ALL,70TO74,1280
46140,1,2010,ALL,ALL,ALL,75UP,2397
46142,1,2010,ALL,ALL,ALL,INFANT,357
46142,1,2010,ALL,ALL,ALL,1TO4,1593
46142,1,2010,ALL,ALL,ALL,FIVE,419
46142,1,2010,ALL,ALL,ALL,6TO12,3060
46142,1,2010,ALL,ALL,ALL,13TO17,2244
46142,1,2010,ALL,ALL,ALL,EIGHTEEN,430
46142,1,2010,ALL,ALL,ALL,19TO64,18291
46142,1,2010,ALL,ALL,ALL,65TO69,1443
46142,1,2010,ALL,ALL,ALL,70TO74,983
46142,1,2010,ALL,ALL,ALL,75UP,1593
46143,1,2010,ALL,ALL,ALL,INFANT,692
46143,1,2010,ALL,ALL,ALL,1TO4,2993
46143,1,2010,ALL,ALL,ALL,FIVE,721
46143,1,2010,ALL,ALL,ALL,6TO12,5479
46143,1,2010,ALL,ALL,ALL,13TO17,3615
46143,1,2010,ALL,ALL,ALL,EIGHTEEN,619
46143,1,2010,ALL,ALL,ALL,19TO64,28991
46143,1,2010,ALL,ALL,ALL,65TO69,1724
46143,1,2010,ALL,ALL,ALL,70TO74,1288
46143,1,2010,ALL,ALL,ALL,75UP,2433
46147,1,2010,ALL,ALL,ALL,INFANT,31
46147,1,2010,ALL,ALL,ALL,1TO4,177
46147,1,2010,ALL,ALL,ALL,FIVE,45
46147,1,2010,ALL,ALL,ALL,6TO12,361
46147,1,2010,ALL,ALL,ALL,13TO17,280
46147,1,2010,ALL,ALL,ALL,EIGHTEEN,49
46147,1,2010,ALL,ALL,ALL,19TO64,1949
46147,1,2010,ALL,ALL,ALL,65TO69,128
46147,1,2010,ALL,ALL,ALL,70TO74,86
46147,1,2010,ALL,ALL,ALL,75UP,158
46149,1,2010,ALL,ALL,ALL,INFANT,11
46149,1,2010,ALL,ALL,ALL,1TO4,108
46149,1,2010,ALL,ALL,ALL,FIVE,25
46149,1,2010,ALL,ALL,ALL,6TO12,203
46149,1,2010,ALL,ALL,ALL,13TO17,166
46149,1,2010,ALL,ALL,ALL,EIGHTEEN,23
46149,1,2010,ALL,ALL,ALL,19TO64,1141
46149,1,2010,ALL,ALL,ALL,65TO69,81
46149,1,2010,ALL,ALL,ALL,70TO74,54
46149,1,2010,ALL,ALL,ALL,75UP,78
46150,1,2010,ALL,ALL,ALL,INFANT,9
46150,1,2010,ALL,ALL,ALL,1TO4,32
46150,1,2010,ALL,ALL,ALL,FIVE,9
46150,1,2010,ALL,ALL,ALL,6TO12,65
46150,1,2010,ALL,ALL,ALL,13TO17,55
46150,1,2010,ALL,ALL,ALL,EIGHTEEN,10
46150,1,2010,ALL,ALL,ALL,19TO64,464
46150,1,2010,ALL,ALL,ALL,65TO69,45
46150,1,2010,ALL,ALL,ALL,70TO74,22
46150,1,2010,ALL,ALL,ALL,75UP,53
46151,1,2010,ALL,ALL,ALL,INFANT,359
46151,1,2010,ALL,ALL,ALL,1TO4,1542
46151,1,2010,ALL,ALL,ALL,FIVE,393
46151,1,2010,ALL,ALL,ALL,6TO12,2991
46151,1,2010,ALL,ALL,ALL,13TO17,2266
46151,1,2010,ALL,ALL,ALL,EIGHTEEN,449
46151,1,2010,ALL,ALL,ALL,19TO64,18706
46151,1,2010,ALL,ALL,ALL,65TO69,1517
46151,1,2010,ALL,ALL,ALL,70TO74,1039
46151,1,2010,ALL,ALL,ALL,75UP,1659
46157,1,2010,ALL,ALL,ALL,INFANT,47
46157,1,2010,ALL,ALL,ALL,1TO4,202
46157,1,2010,ALL,ALL,ALL,FIVE,54
46157,1,2010,ALL,ALL,ALL,6TO12,374
46157,1,2010,ALL,ALL,ALL,13TO17,252
46157,1,2010,ALL,ALL,ALL,EIGHTEEN,46
46157,1,2010,ALL,ALL,ALL,19TO64,2285
46157,1,2010,ALL,ALL,ALL,65TO69,136
46157,1,2010,ALL,ALL,ALL,70TO74,106
46157,1,2010,ALL,ALL,ALL,75UP,137
46158,1,2010,ALL,ALL,ALL,INFANT,272
46158,1,2010,ALL,ALL,ALL,1TO4,1216
46158,1,2010,ALL,ALL,ALL,FIVE,316
46158,1,2010,ALL,ALL,ALL,6TO12,2271
46158,1,2010,ALL,ALL,ALL,13TO17,1808
46158,1,2010,ALL,ALL,ALL,EIGHTEEN,322
46158,1,2010,ALL,ALL,ALL,19TO64,14067
46158,1,2010,ALL,ALL,ALL,65TO69,1003
46158,1,2010,ALL,ALL,ALL,70TO74,756
46158,1,2010,ALL,ALL,ALL,75UP,1344
46160,1,2010,ALL,ALL,ALL,INFANT,56
46160,1,2010,ALL,ALL,ALL,1TO4,300
46160,1,2010,ALL,ALL,ALL,FIVE,60
46160,1,2010,ALL,ALL,ALL,6TO12,588
46160,1,2010,ALL,ALL,ALL,13TO17,493
46160,1,2010,ALL,ALL,ALL,EIGHTEEN,85
46160,1,2010,ALL,ALL,ALL,19TO64,3910
46160,1,2010,ALL,ALL,ALL,65TO69,341
46160,1,2010,ALL,ALL,ALL,70TO74,251
46160,1,2010,ALL,ALL,ALL,75UP,337
46161,1,2010,ALL,ALL,ALL,INFANT,36
46161,1,2010,ALL,ALL,ALL,1TO4,124
46161,1,2010,ALL,ALL,ALL,FIVE,38
46161,1,2010,ALL,ALL,ALL,6TO12,248
46161,1,2010,ALL,ALL,ALL,13TO17,225
46161,1,2010,ALL,ALL,ALL,EIGHTEEN,52
46161,1,2010,ALL,ALL,ALL,19TO64,1659
46161,1,2010,ALL,ALL,ALL,65TO69,138
46161,1,2010,ALL,ALL,ALL,70TO74,107
46161,1,2010,ALL,ALL,ALL,75UP,239
46162,1,2010,ALL,ALL,ALL,INFANT,3
46162,1,2010,ALL,ALL,ALL,1TO4,23
46162,1,2010,ALL,ALL,ALL,FIVE,6
46162,1,2010,ALL,ALL,ALL,6TO12,36
46162,1,2010,ALL,ALL,ALL,13TO17,33
46162,1,2010,ALL,ALL,ALL,EIGHTEEN,9
46162,1,2010,ALL,ALL,ALL,19TO64,294
46162,1,2010,ALL,ALL,ALL,65TO69,18
46162,1,2010,ALL,ALL,ALL,70TO74,15
46162,1,2010,ALL,ALL,ALL,75UP,21
46163,1,2010,ALL,ALL,ALL,INFANT,85
46163,1,2010,ALL,ALL,ALL,1TO4,518
46163,1,2010,ALL,ALL,ALL,FIVE,153
46163,1,2010,ALL,ALL,ALL,6TO12,1376
46163,1,2010,ALL,ALL,ALL,13TO17,1130
46163,1,2010,ALL,ALL,ALL,EIGHTEEN,207
46163,1,2010,ALL,ALL,ALL,19TO64,7092
46163,1,2010,ALL,ALL,ALL,65TO69,573
46163,1,2010,ALL,ALL,ALL,70TO74,358
46163,1,2010,ALL,ALL,ALL,75UP,471
46164,1,2010,ALL,ALL,ALL,INFANT,37
46164,1,2010,ALL,ALL,ALL,1TO4,149
46164,1,2010,ALL,ALL,ALL,FIVE,44
46164,1,2010,ALL,ALL,ALL,6TO12,361
46164,1,2010,ALL,ALL,ALL,13TO17,325
46164,1,2010,ALL,ALL,ALL,EIGHTEEN,55
46164,1,2010,ALL,ALL,ALL,19TO64,2431
46164,1,2010,ALL,ALL,ALL,65TO69,226
46164,1,2010,ALL,ALL,ALL,70TO74,145
46164,1,2010,ALL,ALL,ALL,75UP,184
46165,1,2010,ALL,ALL,ALL,INFANT,11
46165,1,2010,ALL,ALL,ALL,1TO4,62
46165,1,2010,ALL,ALL,ALL,FIVE,11
46165,1,2010,ALL,ALL,ALL,6TO12,128
46165,1,2010,ALL,ALL,ALL,13TO17,120
46165,1,2010,ALL,ALL,ALL,EIGHTEEN,18
46165,1,2010,ALL,ALL,ALL,19TO64,914
46165,1,2010,ALL,ALL,ALL,65TO69,73
46165,1,2010,ALL,ALL,ALL,70TO74,65
46165,1,2010,ALL,ALL,ALL,75UP,96
46166,1,2010,ALL,ALL,ALL,INFANT,26
46166,1,2010,ALL,ALL,ALL,1TO4,109
46166,1,2010,ALL,ALL,ALL,FIVE,26
46166,1,2010,ALL,ALL,ALL,6TO12,259
46166,1,2010,ALL,ALL,ALL,13TO17,176
46166,1,2010,ALL,ALL,ALL,EIGHTEEN,48
46166,1,2010,ALL,ALL,ALL,19TO64,1395
46166,1,2010,ALL,ALL,ALL,65TO69,114
46166,1,2010,ALL,ALL,ALL,70TO74,72
46166,1,2010,ALL,ALL,ALL,75UP,81
46167,1,2010,ALL,ALL,ALL,INFANT,79
46167,1,2010,ALL,ALL,ALL,1TO4,293
46167,1,2010,ALL,ALL,ALL,FIVE,85
46167,1,2010,ALL,ALL,ALL,6TO12,784
46167,1,2010,ALL,ALL,ALL,13TO17,606
46167,1,2010,ALL,ALL,ALL,EIGHTEEN,101
46167,1,2010,ALL,ALL,ALL,19TO64,3718
46167,1,2010,ALL,ALL,ALL,65TO69,265
46167,1,2010,ALL,ALL,ALL,70TO74,175
46167,1,2010,ALL,ALL,ALL,75UP,230
46168,1,2010,ALL,ALL,ALL,INFANT,373
46168,1,2010,ALL,ALL,ALL,1TO4,1534
46168,1,2010,ALL,ALL,ALL,FIVE,422
46168,1,2010,ALL,ALL,ALL,6TO12,2989
46168,1,2010,ALL,ALL,ALL,13TO17,2042
46168,1,2010,ALL,ALL,ALL,EIGHTEEN,382
46168,1,2010,ALL,ALL,ALL,19TO64,19072
46168,1,2010,ALL,ALL,ALL,65TO69,1113
46168,1,2010,ALL,ALL,ALL,70TO74,787
46168,1,2010,ALL,ALL,ALL,75UP,1595
46171,1,2010,ALL,ALL,ALL,INFANT,13
46171,1,2010,ALL,ALL,ALL,1TO4,57
46171,1,2010,ALL,ALL,ALL,FIVE,12
46171,1,2010,ALL,ALL,ALL,6TO12,149
46171,1,2010,ALL,ALL,ALL,13TO17,147
46171,1,2010,ALL,ALL,ALL,EIGHTEEN,29
46171,1,2010,ALL,ALL,ALL,19TO64,1041
46171,1,2010,ALL,ALL,ALL,65TO69,96
46171,1,2010,ALL,ALL,ALL,70TO74,69
46171,1,2010,ALL,ALL,ALL,75UP,82
46172,1,2010,ALL,ALL,ALL,INFANT,23
46172,1,2010,ALL,ALL,ALL,1TO4,112
46172,1,2010,ALL,ALL,ALL,FIVE,29
46172,1,2010,ALL,ALL,ALL,6TO12,241
46172,1,2010,ALL,ALL,ALL,13TO17,199
46172,1,2010,ALL,ALL,ALL,EIGHTEEN,35
46172,1,2010,ALL,ALL,ALL,19TO64,1428
46172,1,2010,ALL,ALL,ALL,65TO69,106
46172,1,2010,ALL,ALL,ALL,70TO74,92
46172,1,2010,ALL,ALL,ALL,75UP,162
46175,1,2010,ALL,ALL,ALL,INFANT,9
46175,1,2010,ALL,ALL,ALL,1TO4,25
46175,1,2010,ALL,ALL,ALL,FIVE,4
46175,1,2010,ALL,ALL,ALL,6TO12,47
46175,1,2010,ALL,ALL,ALL,13TO17,46
46175,1,2010,ALL,ALL,ALL,EIGHTEEN,9
46175,1,2010,ALL,ALL,ALL,19TO64,368
46175,1,2010,ALL,ALL,ALL,65TO69,21
46175,1,2010,ALL,ALL,ALL,70TO74,30
46175,1,2010,ALL,ALL,ALL,75UP,38
46176,1,2010,ALL,ALL,ALL,INFANT,376
46176,1,2010,ALL,ALL,ALL,1TO4,1494
46176,1,2010,ALL,ALL,ALL,FIVE,398
46176,1,2010,ALL,ALL,ALL,6TO12,2657
46176,1,2010,ALL,ALL,ALL,13TO17,1972
46176,1,2010,ALL,ALL,ALL,EIGHTEEN,372
46176,1,2010,ALL,ALL,ALL,19TO64,16723
46176,1,2010,ALL,ALL,ALL,65TO69,1115
46176,1,2010,ALL,ALL,ALL,70TO74,898
46176,1,2010,ALL,ALL,ALL,75UP,1811
46180,1,2010,ALL,ALL,ALL,INFANT,9
46180,1,2010,ALL,ALL,ALL,1TO4,36
46180,1,2010,ALL,ALL,ALL,FIVE,15
46180,1,2010,ALL,ALL,ALL,6TO12,86
46180,1,2010,ALL,ALL,ALL,13TO17,93
46180,1,2010,ALL,ALL,ALL,EIGHTEEN,8
46180,1,2010,ALL,ALL,ALL,19TO64,612
46180,1,2010,ALL,ALL,ALL,65TO69,63
46180,1,2010,ALL,ALL,ALL,70TO74,41
46180,1,2010,ALL,ALL,ALL,75UP,65
46181,1,2010,ALL,ALL,ALL,INFANT,39
46181,1,2010,ALL,ALL,ALL,1TO4,214
46181,1,2010,ALL,ALL,ALL,FIVE,53
46181,1,2010,ALL,ALL,ALL,6TO12,482
46181,1,2010,ALL,ALL,ALL,13TO17,425
46181,1,2010,ALL,ALL,ALL,EIGHTEEN,81
46181,1,2010,ALL,ALL,ALL,19TO64,2911
46181,1,2010,ALL,ALL,ALL,65TO69,249
46181,1,2010,ALL,ALL,ALL,70TO74,158
46181,1,2010,ALL,ALL,ALL,75UP,220
46182,1,2010,ALL,ALL,ALL,INFANT,21
46182,1,2010,ALL,ALL,ALL,1TO4,82
46182,1,2010,ALL,ALL,ALL,FIVE,25
46182,1,2010,ALL,ALL,ALL,6TO12,156
46182,1,2010,ALL,ALL,ALL,13TO17,138
46182,1,2010,ALL,ALL,ALL,EIGHTEEN,24
46182,1,2010,ALL,ALL,ALL,19TO64,1146
46182,1,2010,ALL,ALL,ALL,65TO69,82
46182,1,2010,ALL,ALL,ALL,70TO74,71
46182,1,2010,ALL,ALL,ALL,75UP,182
46184,1,2010,ALL,ALL,ALL,INFANT,151
46184,1,2010,ALL,ALL,ALL,1TO4,666
46184,1,2010,ALL,ALL,ALL,FIVE,175
46184,1,2010,ALL,ALL,ALL,6TO12,1357
46184,1,2010,ALL,ALL,ALL,13TO17,986
46184,1,2010,ALL,ALL,ALL,EIGHTEEN,160
46184,1,2010,ALL,ALL,ALL,19TO64,7144
46184,1,2010,ALL,ALL,ALL,65TO69,400
46184,1,2010,ALL,ALL,ALL,70TO74,288
46184,1,2010,ALL,ALL,ALL,75UP,479
46186,1,2010,ALL,ALL,ALL,INFANT,15
46186,1,2010,ALL,ALL,ALL,1TO4,79
46186,1,2010,ALL,ALL,ALL,FIVE,12
46186,1,2010,ALL,ALL,ALL,6TO12,205
46186,1,2010,ALL,ALL,ALL,13TO17,145
46186,1,2010,ALL,ALL,ALL,EIGHTEEN,26
46186,1,2010,ALL,ALL,ALL,19TO64,1028
46186,1,2010,ALL,ALL,ALL,65TO69,87
46186,1,2010,ALL,ALL,ALL,70TO74,57
46186,1,2010,ALL,ALL,ALL,75UP,99
46201,1,2010,ALL,ALL,ALL,INFANT,542
46201,1,2010,ALL,ALL,ALL,1TO4,2216
46201,1,2010,ALL,ALL,ALL,FIVE,481
46201,1,2010,ALL,ALL,ALL,6TO12,2942
46201,1,2010,ALL,ALL,ALL,13TO17,1903
46201,1,2010,ALL,ALL,ALL,EIGHTEEN,428
46201,1,2010,ALL,ALL,ALL,19TO64,20118
46201,1,2010,ALL,ALL,ALL,65TO69,824
46201,1,2010,ALL,ALL,ALL,70TO74,612
46201,1,2010,ALL,ALL,ALL,75UP,896
46202,1,2010,ALL,ALL,ALL,INFANT,141
46202,1,2010,ALL,ALL,ALL,1TO4,508
46202,1,2010,ALL,ALL,ALL,FIVE,115
46202,1,2010,ALL,ALL,ALL,6TO12,555
46202,1,2010,ALL,ALL,ALL,13TO17,378
46202,1,2010,ALL,ALL,ALL,EIGHTEEN,247
46202,1,2010,ALL,ALL,ALL,19TO64,13023
46202,1,2010,ALL,ALL,ALL,65TO69,480
46202,1,2010,ALL,ALL,ALL,70TO74,281
46202,1,2010,ALL,ALL,ALL,75UP,607
46203,1,2010,ALL,ALL,ALL,INFANT,657
46203,1,2010,ALL,ALL,ALL,1TO4,2705
46203,1,2010,ALL,ALL,ALL,FIVE,590
46203,1,2010,ALL,ALL,ALL,6TO12,3942
46203,1,2010,ALL,ALL,ALL,13TO17,2533
46203,1,2010,ALL,ALL,ALL,EIGHTEEN,499
46203,1,2010,ALL,ALL,ALL,19TO64,23868
46203,1,2010,ALL,ALL,ALL,65TO69,1294
46203,1,2010,ALL,ALL,ALL,70TO74,1006
46203,1,2010,ALL,ALL,ALL,75UP,1856
46204,1,2010,ALL,ALL,ALL,INFANT,23
46204,1,2010,ALL,ALL,ALL,1TO4,57
46204,1,2010,ALL,ALL,ALL,FIVE,10
46204,1,2010,ALL,ALL,ALL,6TO12,39
46204,1,2010,ALL,ALL,ALL,13TO17,49
46204,1,2010,ALL,ALL,ALL,EIGHTEEN,30
46204,1,2010,ALL,ALL,ALL,19TO64,4684
46204,1,2010,ALL,ALL,ALL,65TO69,109
46204,1,2010,ALL,ALL,ALL,70TO74,44
46204,1,2010,ALL,ALL,ALL,75UP,80
46205,1,2010,ALL,ALL,ALL,INFANT,439
46205,1,2010,ALL,ALL,ALL,1TO4,1537
46205,1,2010,ALL,ALL,ALL,FIVE,317
46205,1,2010,ALL,ALL,ALL,6TO12,2148
46205,1,2010,ALL,ALL,ALL,13TO17,1410
46205,1,2010,ALL,ALL,ALL,EIGHTEEN,346
46205,1,2010,ALL,ALL,ALL,19TO64,16782
46205,1,2010,ALL,ALL,ALL,65TO69,756
46205,1,2010,ALL,ALL,ALL,70TO74,594
46205,1,2010,ALL,ALL,ALL,75UP,1027
46208,1,2010,ALL,ALL,ALL,INFANT,264
46208,1,2010,ALL,ALL,ALL,1TO4,984
46208,1,2010,ALL,ALL,ALL,FIVE,233
46208,1,2010,ALL,ALL,ALL,6TO12,1639
46208,1,2010,ALL,ALL,ALL,13TO17,1073
46208,1,2010,ALL,ALL,ALL,EIGHTEEN,505
46208,1,2010,ALL,ALL,ALL,19TO64,14873
46208,1,2010,ALL,ALL,ALL,65TO69,694
46208,1,2010,ALL,ALL,ALL,70TO74,583
46208,1,2010,ALL,ALL,ALL,75UP,1391
46214,1,2010,ALL,ALL,ALL,INFANT,342
46214,1,2010,ALL,ALL,ALL,1TO4,1400
46214,1,2010,ALL,ALL,ALL,FIVE,325
46214,1,2010,ALL,ALL,ALL,6TO12,1989
46214,1,2010,ALL,ALL,ALL,13TO17,1558
46214,1,2010,ALL,ALL,ALL,EIGHTEEN,332
46214,1,2010,ALL,ALL,ALL,19TO64,15612
46214,1,2010,ALL,ALL,ALL,65TO69,721
46214,1,2010,ALL,ALL,ALL,70TO74,530
46214,1,2010,ALL,ALL,ALL,75UP,1497
46216,1,2010,ALL,ALL,ALL,INFANT,13
46216,1,2010,ALL,ALL,ALL,1TO4,63
46216,1,2010,ALL,ALL,ALL,FIVE,15
46216,1,2010,ALL,ALL,ALL,6TO12,93
46216,1,2010,ALL,ALL,ALL,13TO17,74
46216,1,2010,ALL,ALL,ALL,EIGHTEEN,19
46216,1,2010,ALL,ALL,ALL,19TO64,977
46216,1,2010,ALL,ALL,ALL,65TO69,74
46216,1,2010,ALL,ALL,ALL,70TO74,79
46216,1,2010,ALL,ALL,ALL,75UP,290
46217,1,2010,ALL,ALL,ALL,INFANT,430
46217,1,2010,ALL,ALL,ALL,1TO4,1657
46217,1,2010,ALL,ALL,ALL,FIVE,417
46217,1,2010,ALL,ALL,ALL,6TO12,2837
46217,1,2010,ALL,ALL,ALL,13TO17,2050
46217,1,2010,ALL,ALL,ALL,EIGHTEEN,376
46217,1,2010,ALL,ALL,ALL,19TO64,18468
46217,1,2010,ALL,ALL,ALL,65TO69,990
46217,1,2010,ALL,ALL,ALL,70TO74,764
46217,1,2010,ALL,ALL,ALL,75UP,1369
46218,1,2010,ALL,ALL,ALL,INFANT,428
46218,1,2010,ALL,ALL,ALL,1TO4,1701
46218,1,2010,ALL,ALL,ALL,FIVE,410
46218,1,2010,ALL,ALL,ALL,6TO12,2984
46218,1,2010,ALL,ALL,ALL,13TO17,2052
46218,1,2010,ALL,ALL,ALL,EIGHTEEN,436
46218,1,2010,ALL,ALL,ALL,19TO64,16733
46218,1,2010,ALL,ALL,ALL,65TO69,1338
46218,1,2010,ALL,ALL,ALL,70TO74,1053
46218,1,2010,ALL,ALL,ALL,75UP,1893
46219,1,2010,ALL,ALL,ALL,INFANT,438
46219,1,2010,ALL,ALL,ALL,1TO4,1791
46219,1,2010,ALL,ALL,ALL,FIVE,452
46219,1,2010,ALL,ALL,ALL,6TO12,2849
46219,1,2010,ALL,ALL,ALL,13TO17,2066
46219,1,2010,ALL,ALL,ALL,EIGHTEEN,375
46219,1,2010,ALL,ALL,ALL,19TO64,20724
46219,1,2010,ALL,ALL,ALL,65TO69,1338
46219,1,2010,ALL,ALL,ALL,70TO74,1069
46219,1,2010,ALL,ALL,ALL,75UP,2828
46220,1,2010,ALL,ALL,ALL,INFANT,468
46220,1,2010,ALL,ALL,ALL,1TO4,1676
46220,1,2010,ALL,ALL,ALL,FIVE,350
46220,1,2010,ALL,ALL,ALL,6TO12,2308
46220,1,2010,ALL,ALL,ALL,13TO17,1676
46220,1,2010,ALL,ALL,ALL,EIGHTEEN,332
46220,1,2010,ALL,ALL,ALL,19TO64,24095
46220,1,2010,ALL,ALL,ALL,65TO69,1137
46220,1,2010,ALL,ALL,ALL,70TO74,806
46220,1,2010,ALL,ALL,ALL,75UP,1982
46221,1,2010,ALL,ALL,ALL,INFANT,455
46221,1,2010,ALL,ALL,ALL,1TO4,1709
46221,1,2010,ALL,ALL,ALL,FIVE,421
46221,1,2010,ALL,ALL,ALL,6TO12,2949
46221,1,2010,ALL,ALL,ALL,13TO17,2046
46221,1,2010,ALL,ALL,ALL,EIGHTEEN,333
46221,1,2010,ALL,ALL,ALL,19TO64,15980
46221,1,2010,ALL,ALL,ALL,65TO69,851
46221,1,2010,ALL,ALL,ALL,70TO74,653
46221,1,2010,ALL,ALL,ALL,75UP,996
46222,1,2010,ALL,ALL,ALL,INFANT,624
46222,1,2010,ALL,ALL,ALL,1TO4,2432
46222,1,2010,ALL,ALL,ALL,FIVE,571
46222,1,2010,ALL,ALL,ALL,6TO12,3582
46222,1,2010,ALL,ALL,ALL,13TO17,2300
46222,1,2010,ALL,ALL,ALL,EIGHTEEN,549
46222,1,2010,ALL,ALL,ALL,19TO64,21250
46222,1,2010,ALL,ALL,ALL,65TO69,798
46222,1,2010,ALL,ALL,ALL,70TO74,668
46222,1,2010,ALL,ALL,ALL,75UP,1270
46224,1,2010,ALL,ALL,ALL,INFANT,667
46224,1,2010,ALL,ALL,ALL,1TO4,2538
46224,1,2010,ALL,ALL,ALL,FIVE,575
46224,1,2010,ALL,ALL,ALL,6TO12,3433
46224,1,2010,ALL,ALL,ALL,13TO17,2128
46224,1,2010,ALL,ALL,ALL,EIGHTEEN,478
46224,1,2010,ALL,ALL,ALL,19TO64,21967
46224,1,2010,ALL,ALL,ALL,65TO69,887
46224,1,2010,ALL,ALL,ALL,70TO74,687
46224,1,2010,ALL,ALL,ALL,75UP,1734
46225,1,2010,ALL,ALL,ALL,INFANT,98
46225,1,2010,ALL,ALL,ALL,1TO4,445
46225,1,2010,ALL,ALL,ALL,FIVE,104
46225,1,2010,ALL,ALL,ALL,6TO12,722
46225,1,2010,ALL,ALL,ALL,13TO17,436
46225,1,2010,ALL,ALL,ALL,EIGHTEEN,96
46225,1,2010,ALL,ALL,ALL,19TO64,4843
46225,1,2010,ALL,ALL,ALL,65TO69,207
46225,1,2010,ALL,ALL,ALL,70TO74,135
46225,1,2010,ALL,ALL,ALL,75UP,233
46226,1,2010,ALL,ALL,ALL,INFANT,639
46226,1,2010,ALL,ALL,ALL,1TO4,2635
46226,1,2010,ALL,ALL,ALL,FIVE,651
46226,1,2010,ALL,ALL,ALL,6TO12,4783
46226,1,2010,ALL,ALL,ALL,13TO17,3362
46226,1,2010,ALL,ALL,ALL,EIGHTEEN,720
46226,1,2010,ALL,ALL,ALL,19TO64,25960
46226,1,2010,ALL,ALL,ALL,65TO69,1740
46226,1,2010,ALL,ALL,ALL,70TO74,1243
46226,1,2010,ALL,ALL,ALL,75UP,2171
46227,1,2010,ALL,ALL,ALL,INFANT,973
46227,1,2010,ALL,ALL,ALL,1TO4,3492
46227,1,2010,ALL,ALL,ALL,FIVE,724
46227,1,2010,ALL,ALL,ALL,6TO12,4916
46227,1,2010,ALL,ALL,ALL,13TO17,3278
46227,1,2010,ALL,ALL,ALL,EIGHTEEN,908
46227,1,2010,ALL,ALL,ALL,19TO64,35782
46227,1,2010,ALL,ALL,ALL,65TO69,1865
46227,1,2010,ALL,ALL,ALL,70TO74,1491
46227,1,2010,ALL,ALL,ALL,75UP,3657
46228,1,2010,ALL,ALL,ALL,INFANT,153
46228,1,2010,ALL,ALL,ALL,1TO4,685
46228,1,2010,ALL,ALL,ALL,FIVE,167
46228,1,2010,ALL,ALL,ALL,6TO12,1328
46228,1,2010,ALL,ALL,ALL,13TO17,1091
46228,1,2010,ALL,ALL,ALL,EIGHTEEN,204
46228,1,2010,ALL,ALL,ALL,19TO64,9020
46228,1,2010,ALL,ALL,ALL,65TO69,710
46228,1,2010,ALL,ALL,ALL,70TO74,520
46228,1,2010,ALL,ALL,ALL,75UP,877
46229,1,2010,ALL,ALL,ALL,INFANT,414
46229,1,2010,ALL,ALL,ALL,1TO4,1677
46229,1,2010,ALL,ALL,ALL,FIVE,430
46229,1,2010,ALL,ALL,ALL,6TO12,3086
46229,1,2010,ALL,ALL,ALL,13TO17,2381
46229,1,2010,ALL,ALL,ALL,EIGHTEEN,444
46229,1,2010,ALL,ALL,ALL,19TO64,16080
46229,1,2010,ALL,ALL,ALL,65TO69,876
46229,1,2010,ALL,ALL,ALL,70TO74,631
46229,1,2010,ALL,ALL,ALL,75UP,1243
46231,1,2010,ALL,ALL,ALL,INFANT,171
46231,1,2010,ALL,ALL,ALL,1TO4,706
46231,1,2010,ALL,ALL,ALL,FIVE,164
46231,1,2010,ALL,ALL,ALL,6TO12,1250
46231,1,2010,ALL,ALL,ALL,13TO17,862
46231,1,2010,ALL,ALL,ALL,EIGHTEEN,191
46231,1,2010,ALL,ALL,ALL,19TO64,6344
46231,1,2010,ALL,ALL,ALL,65TO69,289
46231,1,2010,ALL,ALL,ALL,70TO74,196
46231,1,2010,ALL,ALL,ALL,75UP,267
46234,1,2010,ALL,ALL,ALL,INFANT,370
46234,1,2010,ALL,ALL,ALL,1TO4,1511
46234,1,2010,ALL,ALL,ALL,FIVE,390
46234,1,2010,ALL,ALL,ALL,6TO12,2606
46234,1,2010,ALL,ALL,ALL,13TO17,1727
46234,1,2010,ALL,ALL,ALL,EIGHTEEN,309
46234,1,2010,ALL,ALL,ALL,19TO64,15361
46234,1,2010,ALL,ALL,ALL,65TO69,839
46234,1,2010,ALL,ALL,ALL,70TO74,584
46234,1,2010,ALL,ALL,ALL,75UP,1113
46235,1,2010,ALL,ALL,ALL,INFANT,679
46235,1,2010,ALL,ALL,ALL,1TO4,2738
46235,1,2010,ALL,ALL,ALL,FIVE,592
46235,1,2010,ALL,ALL,ALL,6TO12,3984
46235,1,2010,ALL,ALL,ALL,13TO17,2549
46235,1,2010,ALL,ALL,ALL,EIGHTEEN,499
46235,1,2010,ALL,ALL,ALL,19TO64,18119
46235,1,2010,ALL,ALL,ALL,65TO69,623
46235,1,2010,ALL,ALL,ALL,70TO74,437
46235,1,2010,ALL,ALL,ALL,75UP,605
46236,1,2010,ALL,ALL,ALL,INFANT,353
46236,1,2010,ALL,ALL,ALL,1TO4,1484
46236,1,2010,ALL,ALL,ALL,FIVE,382
46236,1,2010,ALL,ALL,ALL,6TO12,2893
46236,1,2010,ALL,ALL,ALL,13TO17,2373
46236,1,2010,ALL,ALL,ALL,EIGHTEEN,421
46236,1,2010,ALL,ALL,ALL,19TO64,16927
46236,1,2010,ALL,ALL,ALL,65TO69,816
46236,1,2010,ALL,ALL,ALL,70TO74,529
46236,1,2010,ALL,ALL,ALL,75UP,1116
46237,1,2010,ALL,ALL,ALL,INFANT,545
46237,1,2010,ALL,ALL,ALL,1TO4,2343
46237,1,2010,ALL,ALL,ALL,FIVE,627
46237,1,2010,ALL,ALL,ALL,6TO12,3975
46237,1,2010,ALL,ALL,ALL,13TO17,2773
46237,1,2010,ALL,ALL,ALL,EIGHTEEN,490
46237,1,2010,ALL,ALL,ALL,19TO64,24820
46237,1,2010,ALL,ALL,ALL,65TO69,1310
46237,1,2010,ALL,ALL,ALL,70TO74,887
46237,1,2010,ALL,ALL,ALL,75UP,1854
46239,1,2010,ALL,ALL,ALL,INFANT,381
46239,1,2010,ALL,ALL,ALL,1TO4,1641
46239,1,2010,ALL,ALL,ALL,FIVE,388
46239,1,2010,ALL,ALL,ALL,6TO12,2914
46239,1,2010,ALL,ALL,ALL,13TO17,2115
46239,1,2010,ALL,ALL,ALL,EIGHTEEN,359
46239,1,2010,ALL,ALL,ALL,19TO64,15399
46239,1,2010,ALL,ALL,ALL,65TO69,762
46239,1,2010,ALL,ALL,ALL,70TO74,518
46239,1,2010,ALL,ALL,ALL,75UP,868
46240,1,2010,ALL,ALL,ALL,INFANT,199
46240,1,2010,ALL,ALL,ALL,1TO4,791
46240,1,2010,ALL,ALL,ALL,FIVE,192
46240,1,2010,ALL,ALL,ALL,6TO12,1276
46240,1,2010,ALL,ALL,ALL,13TO17,935
46240,1,2010,ALL,ALL,ALL,EIGHTEEN,198
46240,1,2010,ALL,ALL,ALL,19TO64,11884
46240,1,2010,ALL,ALL,ALL,65TO69,818
46240,1,2010,ALL,ALL,ALL,70TO74,608
46240,1,2010,ALL,ALL,ALL,75UP,1830
46241,1,2010,ALL,ALL,ALL,INFANT,528
46241,1,2010,ALL,ALL,ALL,1TO4,2136
46241,1,2010,ALL,ALL,ALL,FIVE,469
46241,1,2010,ALL,ALL,ALL,6TO12,3371
46241,1,2010,ALL,ALL,ALL,13TO17,2310
46241,1,2010,ALL,ALL,ALL,EIGHTEEN,457
46241,1,2010,ALL,ALL,ALL,19TO64,18561
46241,1,2010,ALL,ALL,ALL,65TO69,973
46241,1,2010,ALL,ALL,ALL,70TO74,690
46241,1,2010,ALL,ALL,ALL,75UP,1175
46250,1,2010,ALL,ALL,ALL,INFANT,261
46250,1,2010,ALL,ALL,ALL,1TO4,858
46250,1,2010,ALL,ALL,ALL,FIVE,182
46250,1,2010,ALL,ALL,ALL,6TO12,1156
46250,1,2010,ALL,ALL,ALL,13TO17,861
46250,1,2010,ALL,ALL,ALL,EIGHTEEN,177
46250,1,2010,ALL,ALL,ALL,19TO64,12853
46250,1,2010,ALL,ALL,ALL,65TO69,634
46250,1,2010,ALL,ALL,ALL,70TO74,472
46250,1,2010,ALL,ALL,ALL,75UP,1092
46254,1,2010,ALL,ALL,ALL,INFANT,742
46254,1,2010,ALL,ALL,ALL,1TO4,2758
46254,1,2010,ALL,ALL,ALL,FIVE,587
46254,1,2010,ALL,ALL,ALL,6TO12,4132
46254,1,2010,ALL,ALL,ALL,13TO17,2534
46254,1,2010,ALL,ALL,ALL,EIGHTEEN,525
46254,1,2010,ALL,ALL,ALL,19TO64,24563
46254,1,2010,ALL,ALL,ALL,65TO69,840
46254,1,2010,ALL,ALL,ALL,70TO74,538
46254,1,2010,ALL,ALL,ALL,75UP,876
46256,1,2010,ALL,ALL,ALL,INFANT,320
46256,1,2010,ALL,ALL,ALL,1TO4,1077
46256,1,2010,ALL,ALL,ALL,FIVE,274
46256,1,2010,ALL,ALL,ALL,6TO12,1961
46256,1,2010,ALL,ALL,ALL,13TO17,1720
46256,1,2010,ALL,ALL,ALL,EIGHTEEN,336
46256,1,2010,ALL,ALL,ALL,19TO64,15109
46256,1,2010,ALL,ALL,ALL,65TO69,914
46256,1,2010,ALL,ALL,ALL,70TO74,650
46256,1,2010,ALL,ALL,ALL,75UP,1286
46259,1,2010,ALL,ALL,ALL,INFANT,171
46259,1,2010,ALL,ALL,ALL,1TO4,795
46259,1,2010,ALL,ALL,ALL,FIVE,209
46259,1,2010,ALL,ALL,ALL,6TO12,1435
46259,1,2010,ALL,ALL,ALL,13TO17,963
46259,1,2010,ALL,ALL,ALL,EIGHTEEN,149
46259,1,2010,ALL,ALL,ALL,19TO64,6832
46259,1,2010,ALL,ALL,ALL,65TO69,389
46259,1,2010,ALL,ALL,ALL,70TO74,275
46259,1,2010,ALL,ALL,ALL,75UP,399
46260,1,2010,ALL,ALL,ALL,INFANT,456
46260,1,2010,ALL,ALL,ALL,1TO4,1908
46260,1,2010,ALL,ALL,ALL,FIVE,406
46260,1,2010,ALL,ALL,ALL,6TO12,2978
46260,1,2010,ALL,ALL,ALL,13TO17,2098
46260,1,2010,ALL,ALL,ALL,EIGHTEEN,464
46260,1,2010,ALL,ALL,ALL,19TO64,19420
46260,1,2010,ALL,ALL,ALL,65TO69,1111
46260,1,2010,ALL,ALL,ALL,70TO74,941
46260,1,2010,ALL,ALL,ALL,75UP,2624
46268,1,2010,ALL,ALL,ALL,INFANT,386
46268,1,2010,ALL,ALL,ALL,1TO4,1445
46268,1,2010,ALL,ALL,ALL,FIVE,370
46268,1,2010,ALL,ALL,ALL,6TO12,2164
46268,1,2010,ALL,ALL,ALL,13TO17,1515
46268,1,2010,ALL,ALL,ALL,EIGHTEEN,345
46268,1,2010,ALL,ALL,ALL,19TO64,15762
46268,1,2010,ALL,ALL,ALL,65TO69,665
46268,1,2010,ALL,ALL,ALL,70TO74,521
46268,1,2010,ALL,ALL,ALL,75UP,1792
46278,1,2010,ALL,ALL,ALL,INFANT,85
46278,1,2010,ALL,ALL,ALL,1TO4,409
46278,1,2010,ALL,ALL,ALL,FIVE,93
46278,1,2010,ALL,ALL,ALL,6TO12,790
46278,1,2010,ALL,ALL,ALL,13TO17,701
46278,1,2010,ALL,ALL,ALL,EIGHTEEN,108
46278,1,2010,ALL,ALL,ALL,19TO64,5230
46278,1,2010,ALL,ALL,ALL,65TO69,296
46278,1,2010,ALL,ALL,ALL,70TO74,193
46278,1,2010,ALL,ALL,ALL,75UP,292
46280,1,2010,ALL,ALL,ALL,INFANT,78
46280,1,2010,ALL,ALL,ALL,1TO4,319
46280,1,2010,ALL,ALL,ALL,FIVE,90
46280,1,2010,ALL,ALL,ALL,6TO12,579
46280,1,2010,ALL,ALL,ALL,13TO17,422
46280,1,2010,ALL,ALL,ALL,EIGHTEEN,85
46280,1,2010,ALL,ALL,ALL,19TO64,4413
46280,1,2010,ALL,ALL,ALL,65TO69,259
46280,1,2010,ALL,ALL,ALL,70TO74,186
46280,1,2010,ALL,ALL,ALL,75UP,362
46290,1,2010,ALL,ALL,ALL,INFANT,0
46290,1,2010,ALL,ALL,ALL,1TO4,3
46290,1,2010,ALL,ALL,ALL,FIVE,0
46290,1,2010,ALL,ALL,ALL,6TO12,7
46290,1,2010,ALL,ALL,ALL,13TO17,5
46290,1,2010,ALL,ALL,ALL,EIGHTEEN,1
46290,1,2010,ALL,ALL,ALL,19TO64,82
46290,1,2010,ALL,ALL,ALL,65TO69,15
46290,1,2010,ALL,ALL,ALL,70TO74,25
46290,1,2010,ALL,ALL,ALL,75UP,32
47201,1,2010,ALL,ALL,ALL,INFANT,613
47201,1,2010,ALL,ALL,ALL,1TO4,2398
47201,1,2010,ALL,ALL,ALL,FIVE,597
47201,1,2010,ALL,ALL,ALL,6TO12,4104
47201,1,2010,ALL,ALL,ALL,13TO17,2956
47201,1,2010,ALL,ALL,ALL,EIGHTEEN,567
47201,1,2010,ALL,ALL,ALL,19TO64,25517
47201,1,2010,ALL,ALL,ALL,65TO69,1730
47201,1,2010,ALL,ALL,ALL,70TO74,1254
47201,1,2010,ALL,ALL,ALL,75UP,2082
47234,1,2010,ALL,ALL,ALL,INFANT,15
47234,1,2010,ALL,ALL,ALL,1TO4,66
47234,1,2010,ALL,ALL,ALL,FIVE,15
47234,1,2010,ALL,ALL,ALL,6TO12,136
47234,1,2010,ALL,ALL,ALL,13TO17,96
47234,1,2010,ALL,ALL,ALL,EIGHTEEN,28
47234,1,2010,ALL,ALL,ALL,19TO64,863
47234,1,2010,ALL,ALL,ALL,65TO69,44
47234,1,2010,ALL,ALL,ALL,70TO74,49
47234,1,2010,ALL,ALL,ALL,75UP,67
47235,1,2010,ALL,ALL,ALL,INFANT,26
47235,1,2010,ALL,ALL,ALL,1TO4,95
47235,1,2010,ALL,ALL,ALL,FIVE,13
47235,1,2010,ALL,ALL,ALL,6TO12,163
47235,1,2010,ALL,ALL,ALL,13TO17,131
47235,1,2010,ALL,ALL,ALL,EIGHTEEN,24
47235,1,2010,ALL,ALL,ALL,19TO64,1091
47235,1,2010,ALL,ALL,ALL,65TO69,88
47235,1,2010,ALL,ALL,ALL,70TO74,64
47235,1,2010,ALL,ALL,ALL,75UP,89
47240,1,2010,ALL,ALL,ALL,INFANT,265
47240,1,2010,ALL,ALL,ALL,1TO4,1108
47240,1,2010,ALL,ALL,ALL,FIVE,280
47240,1,2010,ALL,ALL,ALL,6TO12,2192
47240,1,2010,ALL,ALL,ALL,13TO17,1458
47240,1,2010,ALL,ALL,ALL,EIGHTEEN,296
47240,1,2010,ALL,ALL,ALL,19TO64,12376
47240,1,2010,ALL,ALL,ALL,65TO69,879
47240,1,2010,ALL,ALL,ALL,70TO74,713
47240,1,2010,ALL,ALL,ALL,75UP,1501
47272,1,2010,ALL,ALL,ALL,INFANT,24
47272,1,2010,ALL,ALL,ALL,1TO4,115
47272,1,2010,ALL,ALL,ALL,FIVE,32
47272,1,2010,ALL,ALL,ALL,6TO12,199
47272,1,2010,ALL,ALL,ALL,13TO17,168
47272,1,2010,ALL,ALL,ALL,EIGHTEEN,34
47272,1,2010,ALL,ALL,ALL,19TO64,1233
47272,1,2010,ALL,ALL,ALL,65TO69,66
47272,1,2010,ALL,ALL,ALL,70TO74,65
47272,1,2010,ALL,ALL,ALL,75UP,105
47274,1,2010,ALL,ALL,ALL,INFANT,346
47274,1,2010,ALL,ALL,ALL,1TO4,1604
47274,1,2010,ALL,ALL,ALL,FIVE,408
47274,1,2010,ALL,ALL,ALL,6TO12,2857
47274,1,2010,ALL,ALL,ALL,13TO17,1932
47274,1,2010,ALL,ALL,ALL,EIGHTEEN,390
47274,1,2010,ALL,ALL,ALL,19TO64,17301
47274,1,2010,ALL,ALL,ALL,65TO69,1195
47274,1,2010,ALL,ALL,ALL,70TO74,915
47274,1,2010,ALL,ALL,ALL,75UP,1822
47384,1,2010,ALL,ALL,ALL,INFANT,28
47384,1,2010,ALL,ALL,ALL,1TO4,121
47384,1,2010,ALL,ALL,ALL,FIVE,31
47384,1,2010,ALL,ALL,ALL,6TO12,243
47384,1,2010,ALL,ALL,ALL,13TO17,207
47384,1,2010,ALL,ALL,ALL,EIGHTEEN,29
47384,1,2010,ALL,ALL,ALL,19TO64,1482
47384,1,2010,ALL,ALL,ALL,65TO69,104
47384,1,2010,ALL,ALL,ALL,70TO74,72
47384,1,2010,ALL,ALL,ALL,75UP,154
47401,1,2010,ALL,ALL,ALL,INFANT,363
47401,1,2010,ALL,ALL,ALL,1TO4,1553
47401,1,2010,ALL,ALL,ALL,FIVE,399
47401,1,2010,ALL,ALL,ALL,6TO12,2706
47401,1,2010,ALL,ALL,ALL,13TO17,1863
47401,1,2010,ALL,ALL,ALL,EIGHTEEN,612
47401,1,2010,ALL,ALL,ALL,19TO64,28775
47401,1,2010,ALL,ALL,ALL,65TO69,1404
47401,1,2010,ALL,ALL,ALL,70TO74,1013
47401,1,2010,ALL,ALL,ALL,75UP,2359
47433,1,2010,ALL,ALL,ALL,INFANT,51
47433,1,2010,ALL,ALL,ALL,1TO4,202
47433,1,2010,ALL,ALL,ALL,FIVE,57
47433,1,2010,ALL,ALL,ALL,6TO12,359
47433,1,2010,ALL,ALL,ALL,13TO17,293
47433,1,2010,ALL,ALL,ALL,EIGHTEEN,74
47433,1,2010,ALL,ALL,ALL,19TO64,2408
47433,1,2010,ALL,ALL,ALL,65TO69,243
47433,1,2010,ALL,ALL,ALL,70TO74,143
47433,1,2010,ALL,ALL,ALL,75UP,195
47448,1,2010,ALL,ALL,ALL,INFANT,61
47448,1,2010,ALL,ALL,ALL,1TO4,282
47448,1,2010,ALL,ALL,ALL,FIVE,58
47448,1,2010,ALL,ALL,ALL,6TO12,552
47448,1,2010,ALL,ALL,ALL,13TO17,470
47448,1,2010,ALL,ALL,ALL,EIGHTEEN,87
47448,1,2010,ALL,ALL,ALL,19TO64,4510
47448,1,2010,ALL,ALL,ALL,65TO69,525
47448,1,2010,ALL,ALL,ALL,70TO74,340
47448,1,2010,ALL,ALL,ALL,75UP,620
47456,1,2010,ALL,ALL,ALL,INFANT,6
47456,1,2010,ALL,ALL,ALL,1TO4,30
47456,1,2010,ALL,ALL,ALL,FIVE,17
47456,1,2010,ALL,ALL,ALL,6TO12,114
47456,1,2010,ALL,ALL,ALL,13TO17,103
47456,1,2010,ALL,ALL,ALL,EIGHTEEN,15
47456,1,2010,ALL,ALL,ALL,19TO64,787
47456,1,2010,ALL,ALL,ALL,65TO69,69
47456,1,2010,ALL,ALL,ALL,70TO74,59
47456,1,2010,ALL,ALL,ALL,75UP,51
47468,1,2010,ALL,ALL,ALL,INFANT,7
47468,1,2010,ALL,ALL,ALL,1TO4,40
47468,1,2010,ALL,ALL,ALL,FIVE,9
47468,1,2010,ALL,ALL,ALL,6TO12,84
47468,1,2010,ALL,ALL,ALL,13TO17,72
47468,1,2010,ALL,ALL,ALL,EIGHTEEN,6
47468,1,2010,ALL,ALL,ALL,19TO64,823
47468,1,2010,ALL,ALL,ALL,65TO69,85
47468,1,2010,ALL,ALL,ALL,70TO74,63
47468,1,2010,ALL,ALL,ALL,75UP,61
47840,1,2010,ALL,ALL,ALL,INFANT,19
47840,1,2010,ALL,ALL,ALL,1TO4,55
47840,1,2010,ALL,ALL,ALL,FIVE,16
47840,1,2010,ALL,ALL,ALL,6TO12,117
47840,1,2010,ALL,ALL,ALL,13TO17,113
47840,1,2010,ALL,ALL,ALL,EIGHTEEN,26
47840,1,2010,ALL,ALL,ALL,19TO64,916
47840,1,2010,ALL,ALL,ALL,65TO69,76
47840,1,2010,ALL,ALL,ALL,70TO74,64
47840,1,2010,ALL,ALL,ALL,75UP,98
47868,1,2010,ALL,ALL,ALL,INFANT,26
47868,1,2010,ALL,ALL,ALL,1TO4,123
47868,1,2010,ALL,ALL,ALL,FIVE,18
47868,1,2010,ALL,ALL,ALL,6TO12,243
47868,1,2010,ALL,ALL,ALL,13TO17,218
47868,1,2010,ALL,ALL,ALL,EIGHTEEN,49
47868,1,2010,ALL,ALL,ALL,19TO64,1851
47868,1,2010,ALL,ALL,ALL,65TO69,160
47868,1,2010,ALL,ALL,ALL,70TO74,103
47868,1,2010,ALL,ALL,ALL,75UP,146
47872,1,2010,ALL,ALL,ALL,INFANT,84
47872,1,2010,ALL,ALL,ALL,1TO4,371
47872,1,2010,ALL,ALL,ALL,FIVE,87
47872,1,2010,ALL,ALL,ALL,6TO12,660
47872,1,2010,ALL,ALL,ALL,13TO17,517
47872,1,2010,ALL,ALL,ALL,EIGHTEEN,117
47872,1,2010,ALL,ALL,ALL,19TO64,5912
47872,1,2010,ALL,ALL,ALL,65TO69,460
47872,1,2010,ALL,ALL,ALL,70TO74,362
47872,1,2010,ALL,ALL,ALL,75UP,641
47933,1,2010,ALL,ALL,ALL,INFANT,393
47933,1,2010,ALL,ALL,ALL,1TO4,1453
47933,1,2010,ALL,ALL,ALL,FIVE,338
47933,1,2010,ALL,ALL,ALL,6TO12,2542
47933,1,2010,ALL,ALL,ALL,13TO17,1947
47933,1,2010,ALL,ALL,ALL,EIGHTEEN,490
47933,1,2010,ALL,ALL,ALL,19TO64,16871
47933,1,2010,ALL,ALL,ALL,65TO69,1351
47933,1,2010,ALL,ALL,ALL,70TO74,1126
47933,1,2010,ALL,ALL,ALL,75UP,2136
47954,1,2010,ALL,ALL,ALL,INFANT,24
47954,1,2010,ALL,ALL,ALL,1TO4,129
47954,1,2010,ALL,ALL,ALL,FIVE,27
47954,1,2010,ALL,ALL,ALL,6TO12,210
47954,1,2010,ALL,ALL,ALL,13TO17,170
47954,1,2010,ALL,ALL,ALL,EIGHTEEN,34
47954,1,2010,ALL,ALL,ALL,19TO64,1342
47954,1,2010,ALL,ALL,ALL,65TO69,106
47954,1,2010,ALL,ALL,ALL,70TO74,63
47954,1,2010,ALL,ALL,ALL,75UP,115
47968,1,2010,ALL,ALL,ALL,INFANT,14
47968,1,2010,ALL,ALL,ALL,1TO4,54
47968,1,2010,ALL,ALL,ALL,FIVE,11
47968,1,2010,ALL,ALL,ALL,6TO12,102
47968,1,2010,ALL,ALL,ALL,13TO17,72
47968,1,2010,ALL,ALL,ALL,EIGHTEEN,15
47968,1,2010,ALL,ALL,ALL,19TO64,581
47968,1,2010,ALL,ALL,ALL,65TO69,42
47968,1,2010,ALL,ALL,ALL,70TO74,31
47968,1,2010,ALL,ALL,ALL,75UP,60
47989,1,2010,ALL,ALL,ALL,INFANT,18
47989,1,2010,ALL,ALL,ALL,1TO4,65
47989,1,2010,ALL,ALL,ALL,FIVE,16
47989,1,2010,ALL,ALL,ALL,6TO12,139
47989,1,2010,ALL,ALL,ALL,13TO17,103
47989,1,2010,ALL,ALL,ALL,EIGHTEEN,20
47989,1,2010,ALL,ALL,ALL,19TO64,725
47989,1,2010,ALL,ALL,ALL,65TO69,67
47989,1,2010,ALL,ALL,ALL,70TO74,42
47989,1,2010,ALL,ALL,ALL,75UP,86
